"stateName","year","sex","0","1","2","3","4","5","6","7","8","9","10","11","12","13","14","15","16","17","18","19","20","21","22","23","24","25","26","27","28","29","30","31","32","33","34","35","36","37","38","39","40","41","42","43","44","45","46","47","48","49","50","51","52","53","54","55","56","57","58","59","60","61","62","63","64","65","66","67","68","69","70","71","72","73","74","75","76","77","78","79","80","81","82","83","84","85","86","87","88","89","90","91","92","93","94","95","96","97","98","99","100","999"
"United Arab Emirates",2014,1,45120,46264,46673,46458,45683,44445,42948,41269,39472,37573,35727,33811,32067,30689,29277,28426,28731,30250,32925,37056,42413,49128,57792,68832,82094,96597,111151,123871,132660,136623,136234,133125,128830,124264,119866,115703,111673,107612,103356,98843,94002,88849,83429,77864,72223,66567,60969,55496,50234,45235,40588,36311,32408,28846,25589,22638,19954,17553,15395,13486,11734,10119,8602,7225,6012,4992,4168,3513,2982,2546,2205,1940,1720,1546,1384,1238,1090,948,817,694,602,509,439,375,318,258,206,156,118,85,58,45,33,26,22,12,9,6,4,5,2,3861930
"United Arab Emirates",2014,2,43129,44272,44691,44506,43778,42611,41185,39582,37845,36012,34187,32253,30394,28801,27029,25624,25115,25494,26583,28510,30780,33180,35861,38821,41705,43827,45189,46007,46271,46079,45181,43776,42046,40110,38073,36004,33955,31926,29918,27944,25971,24001,22070,20231,18517,16903,15379,13955,12629,11411,10338,9412,8610,7916,7266,6650,6052,5470,4934,4456,3999,3579,3184,2818,2482,2190,1951,1759,1590,1440,1299,1163,1034,921,821,742,674,621,572,529,480,430,378,337,288,247,205,164,128,93,72,59,48,41,31,26,18,11,11,6,9,1766875
"Afghanistan",2014,1,573665,528794,505300,487940,472797,457972,451848,433935,426676,419553,408192,374200,385513,431172,436275,427619,411837,396476,383014,368394,352355,332119,322133,309630,296687,283083,265302,246113,232551,220315,209278,193718,189937,183001,184144,169615,174507,169301,167905,164232,154589,144377,135604,132761,130334,124391,117752,111308,109041,106511,100365,93826,87944,85842,83676,78566,72913,67608,65589,63538,58900,53906,49387,47386,45404,41611,37534,33895,32067,30223,27133,23882,20997,19353,17763,15431,13041,11016,9703,8464,6914,5411,4162,3393,2757,2062,1470,1043,782,583,393,237,164,109,70,43,24,10,6,4,3,16140369
"Afghanistan",2014,2,553974,512717,489828,472910,458193,443846,437906,420566,413566,406630,395273,362478,373369,416804,421328,412705,397178,382184,368890,354472,338797,319118,309335,297238,284864,271889,254813,236578,223443,211532,200736,185576,181359,174667,176156,155848,162604,160240,160349,157844,149306,139861,131331,128911,126768,120587,113791,107482,105679,103804,98285,92284,86701,85122,83417,78561,73230,68389,66872,65336,61243,56700,52489,50773,48946,45167,41129,37441,35745,33992,30793,27373,24382,22611,20821,18220,15546,13161,11772,10484,8719,7005,5608,4681,3851,2943,2141,1518,1158,880,602,383,251,170,113,68,38,19,10,7,6,15682479
"Algeria",2014,1,465431,458961,452468,445427,431810,413532,396601,376580,355705,336121,322141,308523,299976,292156,285716,289926,303949,314585,328058,357442,371595,376291,376103,369274,363846,369944,378902,373486,369776,366239,363895,361353,357490,351262,342637,331247,317382,302611,288325,276099,266916,260083,253685,246844,239770,232167,224288,216355,208668,201135,193840,186802,179812,172625,165132,157154,148932,140463,132261,124680,117856,111523,105580,99536,92880,85296,77298,69329,62140,56084,51481,48099,44998,42044,39698,37871,36278,34860,33256,31194,28515,25452,22450,19647,16923,14289,11830,9593,7661,6083,4820,3800,2956,2251,1681,1228,876,612,419,282,475,19653621
"Algeria",2014,2,443698,437630,431261,424470,411425,393949,377788,358708,339011,320473,307076,294258,286251,279145,273064,276921,290409,300487,313291,341419,354668,358741,358179,351292,345759,351417,359796,365387,361023,358288,357320,356388,353708,348036,339092,326731,311468,294943,279000,265997,257235,251524,246547,240851,234786,227827,220230,212598,205392,198250,191213,184229,177389,170341,162628,153952,144725,135248,126282,118389,111934,106558,101663,96671,91410,85538,79411,73410,68003,63303,59424,56204,53129,50174,47776,45905,44310,42804,41039,38774,35807,32417,29018,25772,22537,19341,16310,13480,10983,8893,7181,5771,4576,3556,2717,2026,1479,1057,741,509,887,19160101
"Argentina",2014,1,369249,369993,370545,370875,370935,370482,369821,368933,367559,372883,368638,357033,352449,353522,354072,349034,350091,347438,338544,338748,339938,339995,352458,351219,337621,337258,336357,333703,328095,316760,316577,321802,327786,335771,337613,327744,319559,310242,298084,289323,276065,263968,260274,256041,242896,235118,229175,225521,223394,221292,219176,217271,215383,213254,210391,207647,204834,201816,198502,194464,189898,184554,178354,171503,164393,157100,149553,141822,133931,126021,118200,110749,103755,97237,90837,84610,78725,73254,67830,62555,57411,52560,48006,43513,39150,34877,30672,26498,22524,18812,15570,12600,10005,7775,5924,4403,3221,2310,1609,1098,1828,21210478
"Argentina",2014,2,351797,352593,353151,353499,353596,353208,352620,351827,350568,355640,351726,340935,336658,337753,338397,333701,334881,332613,323644,322037,324953,326545,337855,338231,326708,328150,329243,328868,325685,316136,317654,324795,328069,334228,335825,326777,319184,310500,299062,290729,277997,266105,262351,258255,246402,239333,233883,230387,228306,226578,224791,223175,221529,219793,217655,215448,213239,210957,208482,205738,202545,198515,193447,187554,181405,175278,169118,162900,156700,150420,144291,138460,133164,128219,123324,118420,113703,109194,104686,99967,94912,89618,84086,78339,72411,66368,59947,53261,46506,39995,33870,28252,23120,18555,14546,11133,8347,6130,4396,3077,5272,21813896
"Australia",2014,1,140000,139574,139227,138961,138761,138734,138868,139049,139364,138551,137107,136790,135887,136520,137923,139296,142259,145510,148616,151570,154955,159388,161958,165197,166198,163595,163111,163062,162629,166768,166886,164821,161887,159049,158310,158884,160002,162309,163895,165808,166470,165216,163365,161586,160513,159064,157489,155764,154026,152226,150723,149969,149542,148830,147674,145756,142800,138962,134187,129604,126484,125650,125699,126287,125817,123355,117863,110317,102237,94803,88070,82420,77612,73290,68728,64056,59347,54769,50331,46208,42549,39590,37024,34520,31773,28835,25666,22383,19278,16377,13591,10968,8618,6623,5027,3775,2809,2059,1483,1037,1806,11284179
"Australia",2014,2,132789,132398,132090,131857,131691,131677,131818,132001,132261,131444,129887,129773,129299,129621,131039,132462,134941,137572,140427,143396,146748,151421,154309,157388,158586,156808,156300,156430,156735,161006,160683,158109,154547,151553,151374,152035,153347,155501,156862,158588,159694,159133,158040,156993,155953,154717,153278,152210,150427,148821,147749,147704,147726,147503,146777,145457,143162,140084,136173,132659,130095,129033,128512,128491,127663,124940,119432,111967,104132,96869,90446,85174,81024,77306,73433,69534,65722,61985,58424,55168,52496,50300,48503,46623,44519,41987,39177,36078,32942,29669,26080,22210,18383,14869,11877,9428,7442,5820,4477,3333,6842,11223438
"Belgium",2014,1,65681,65795,66415,67882,68632,67979,67772,66852,65751,64497,63220,62400,62020,62574,62636,62492,63503,64172,63983,64536,66677,69108,71259,72275,72238,71714,71215,71389,71010,71451,72746,73590,75431,75911,76118,75516,74076,72701,71788,71906,74517,76873,78556,79401,79360,79274,79758,81179,82787,84549,84765,82843,81340,80218,79820,78371,76475,74265,72391,70572,68738,67309,64804,62934,62310,61666,60856,59488,54044,48407,46184,41400,36458,36061,37962,38621,37257,34740,32528,30750,29368,27635,25870,23603,20520,17437,14658,12672,10702,8801,7257,5680,4355,3471,1951,1295,703,499,427,314,560,5524520
"Belgium",2014,2,62652,62973,63533,64770,65430,64568,64384,63831,62480,60989,60221,59361,59140,59782,59777,59428,60343,61321,61193,61281,63438,66725,69063,70322,71179,71125,71283,71618,71730,72245,73182,73230,74824,75217,75083,73975,72824,71539,70007,70143,72618,74973,77307,77896,77471,77123,77344,78379,80058,82110,82788,81054,80500,79685,79563,78487,76309,74994,73819,72243,70288,68596,67061,65404,65000,64621,64349,63733,58549,53549,51559,46886,41997,42218,46331,47900,46712,44383,43213,42289,41389,40805,40011,38202,34888,31198,27966,25008,22942,19856,17117,14428,11824,9805,6394,4094,2539,1987,1725,1434,3029,5712209
"Bosnia and Herzegovina",2014,1,17740,17763,17770,17751,17767,17575,17308,17251,17346,17672,18159,18558,18953,20056,21143,23942,25914,26498,24662,23156,21794,25032,26935,28005,29136,29053,29568,28779,28824,29292,29089,29259,29005,28720,28570,27732,28079,28911,29133,28785,28833,30299,32151,30694,31226,31516,32378,33279,33433,32245,31830,31694,32059,31704,30125,30183,28226,27402,26790,27795,25183,25943,20904,20367,20252,17665,15581,15990,12141,10549,10473,10520,11559,12513,12425,11029,10424,9520,8542,7405,6011,4639,3638,2895,2116,1529,978,610,342,190,108,58,33,18,10,2,1,0,0,0,1,1886711
"Bosnia and Herzegovina",2014,2,16551,16575,16581,16563,16457,16378,16235,16162,16394,16692,16960,17410,17978,18980,20236,22715,23977,24395,22781,21643,20323,23540,25319,26235,27500,27716,28354,27910,28531,28847,28690,28738,28680,28685,28606,27960,28375,29787,30352,30060,30009,30614,31928,30309,30133,30292,31170,31974,32068,31597,31257,31479,32132,32400,31217,31521,29653,29095,28694,29994,27406,29099,23751,23655,23901,21567,19363,19724,15059,13347,13359,13798,15714,17319,17917,16677,16248,15453,14609,13591,12032,10398,8919,8076,6826,5687,4609,3821,2938,2103,1500,1112,752,542,336,140,65,37,26,23,26,1984932
"Bolivia",2014,2,117629,116737,116383,116092,116265,116773,117027,117072,116942,116658,116236,115696,114528,112772,110984,109159,107311,105438,104403,104178,103841,103446,101377,99728,98439,97485,96571,95477,93948,91827,89099,85862,82494,79139,76114,73622,71524,69609,67591,65403,62933,60287,57674,55284,53159,51386,49893,48478,47073,45788,44619,43524,42457,41350,40149,38813,37383,35930,34495,33026,31516,30005,28459,26932,25498,24167,22930,21743,20546,19242,17821,16335,14874,13530,12364,11418,10637,9898,9164,8515,7929,7377,6851,6305,5687,5005,4298,3631,3024,2470,1985,1562,1202,900,655,464,314,234,158,102,156,5370483
"Bolivia",2014,1,122825,121601,121201,120874,121030,121523,121710,121650,121406,121018,120486,119843,118559,116660,114735,112754,110712,108631,107400,107007,106475,105872,103478,101656,99838,98465,97197,95784,93990,91632,88687,85224,81611,77989,74667,71835,69370,67142,64826,62187,59082,55683,52297,49256,46683,44760,43327,42041,40733,39604,38636,37775,36978,36129,35146,33959,32634,31272,29946,28644,27377,26137,24878,23605,22357,21149,19970,18834,17686,16433,15055,13622,12201,10900,9788,8905,8192,7525,6870,6281,5749,5252,4784,4309,3797,3256,2717,2222,1789,1410,1087,822,604,432,300,201,131,93,60,37,51,5261003
"Brazil",2014,1,1503438,1509811,1517762,1525531,1543293,1571639,1600523,1629449,1658313,1688442,1717501,1742523,1763779,1781457,1780668,1761656,1741539,1721152,1699982,1687811,1683916,1678466,1672067,1663958,1683161,1713147,1720838,1728959,1740534,1778676,1779576,1746058,1731392,1703106,1693650,1663669,1593723,1525085,1478233,1452901,1428542,1405876,1383222,1360868,1329148,1320284,1295512,1262478,1245411,1225788,1197478,1167616,1124503,1079743,1034774,990110,946648,904971,864750,825273,785940,746588,706939,667297,628506,590780,553552,516787,480832,445429,411618,380712,353205,328250,304699,281548,258492,235104,211644,188594,166524,145611,126015,107786,90941,75549,61714,49481,38896,29938,22522,16498,11741,8115,5444,3545,2248,1384,831,481,559,100012718
"Brazil",2014,2,1440355,1448515,1457056,1465356,1483234,1511256,1539754,1568209,1596528,1626040,1654562,1679222,1700267,1717921,1718057,1701070,1683440,1665876,1647858,1638746,1637746,1635483,1632508,1628075,1650255,1682904,1693842,1705105,1719778,1760458,1764522,1734587,1723073,1697959,1692073,1667089,1603519,1541363,1501203,1482061,1461927,1440793,1419029,1396927,1370472,1361122,1344452,1317576,1306550,1292423,1268672,1242942,1202920,1160938,1118636,1076617,1035845,996927,959454,922441,885174,847540,809219,770629,732673,695560,658575,621673,585322,549222,514654,483227,455551,430595,406924,383142,358746,333156,306805,280315,254496,229685,206107,183534,161768,140647,120321,100999,83108,67068,53031,40930,30771,22515,16006,11057,7432,4862,3090,1902,2451,102644070
"Canada",2014,1,183035,182599,182141,181689,181318,181303,181719,182288,183193,184499,185563,185573,187464,189466,192841,198808,198345,208885,223833,228806,233544,237845,244966,245710,246468,238344,233572,236198,240408,241249,239594,238078,238215,237535,235961,230969,227633,227226,228755,227859,220459,221885,224910,232522,233747,231089,231567,236701,249364,267205,275114,277890,274115,275564,270381,263730,260542,253555,242922,239712,230145,219837,213383,208740,203636,198430,196663,194659,168696,155789,148357,141166,129002,121166,112083,105722,98337,91386,87604,81503,75782,72461,68229,62728,56843,49961,45063,39570,32601,27606,23054,19069,15578,12606,10054,7877,6037,4505,3291,2367,4637,17282694
"Canada",2014,2,173542,173440,173316,173198,173146,173191,173400,173754,174427,175442,176641,176348,177589,179146,181833,187476,187169,197474,212096,216439,220296,224961,232025,231589,232560,224865,221433,224792,229761,231127,230157,228693,228563,228421,225418,220718,217965,219442,220585,219907,214336,215610,219283,229535,231125,230627,231912,237630,248812,265085,271178,274234,270196,272396,268706,263300,260544,256350,246739,245229,237464,227842,219459,214857,208919,205627,203467,203488,177607,166014,161360,156191,146074,140630,132386,127276,120008,114262,111851,106807,101229,99556,95919,91898,86216,79556,75154,69414,61019,53901,47023,40764,34950,29529,24583,20134,16163,12675,9846,7575,18282,17552147
"China",2014,2,7588295,7457374,7343782,7216942,7169117,7195523,7191864,7128310,7026092,6879574,6777244,6780015,6882343,7058307,7310429,7636428,7983284,8330370,8867993,9323225,9500109,9552920,9852589,10405403,14570467,12992760,11815473,12533118,10546128,9439410,9528093,9823331,11507396,8638534,9033813,9092108,8888405,9116160,9638572,10212796,11106263,11597357,11565074,12269299,12437611,12902809,11562167,10742020,11809058,11477007,11840723,12515027,7429633,5378305,6564248,6462041,8514967,8256796,7939912,8630878,8159959,7619339,7395770,6299149,6457241,5419498,5077297,4820076,4402029,4071675,3760946,3484962,3483965,3322184,3119902,2886638,2837265,2686345,2571317,2360593,2184289,1978799,1657700,1458963,1341986,1083463,956538,726797,594460,519468,390095,272111,206789,147871,106361,64151,42225,26793,16380,9518,11461,660867659
"China",2014,1,8771161,8671931,8591640,8493762,8462568,8492920,8487171,8411490,8291145,8119190,8000138,8006810,8132912,8348849,8622074,8939997,9270804,9594634,10126157,10554644,10660689,10624601,10856634,11382798,14976822,12953165,12580539,13261244,11161656,10014570,9962525,10165674,12155917,9179575,9494479,9499924,9247965,9488045,10005826,10558641,11433985,11963604,12165712,13025562,12890836,13436604,12171943,11233355,12221984,11852436,12150159,13035250,7565727,5407115,6904953,6867415,9060006,8562189,8125020,8878745,8258078,7659080,7414778,6287554,6637339,5512727,5155080,4861577,4334381,4033199,3742881,3429434,3366187,3197282,2938379,2705698,2645901,2423403,2234017,1982905,1827897,1619297,1314277,1134996,994372,762921,653012,476990,369150,296351,212711,141063,102007,68377,45748,25863,16158,9721,5568,3084,3345,700476674
"Chile",2014,1,123074,123248,123551,123884,124208,124558,123251,119450,117302,116879,117610,119879,122507,125061,129785,135285,137712,139695,141012,142965,145477,146855,148855,151971,152783,149625,143355,137231,134591,134241,135333,136297,134091,123855,117269,115229,115687,117273,118894,119952,120301,120063,119977,120078,120564,121587,122962,124445,125425,125229,123397,120127,116248,112219,107716,102615,97173,91436,85698,80570,76335,72852,69673,66452,63240,60097,57020,53990,51122,48380,45759,43179,40719,38179,35381,32158,28677,25120,21934,19422,17680,16374,15193,13864,12230,10262,8221,6373,4893,3725,2857,2196,1669,1235,900,639,441,297,195,123,177,8536843
"Chile",2014,2,118168,118346,118650,118982,119301,119646,118346,114638,111921,111789,112905,114995,118114,120335,124179,129259,131630,133521,135090,137585,139893,140937,143061,145934,146828,144422,138563,133103,131053,130741,131982,133176,132160,122253,115890,114204,115097,117096,119073,120426,120993,120924,121005,121336,122234,123867,126039,128378,130216,130944,130002,127663,124712,121587,117773,113111,107846,102170,96508,91331,86966,83314,79902,76470,73200,70217,67431,64791,62211,59622,57028,54373,51777,49232,46444,43332,40038,36587,33361,30805,29119,27878,26769,25353,23290,20482,17250,14111,11431,9215,7497,6143,4980,3938,3053,2303,1687,1206,838,567,909,8827051
"Colombia",2014,2,372157,372629,373254,374002,375326,377090,378570,379999,381546,383111,384807,386903,389509,393409,397917,402248,406093,409142,411631,413646,414725,414439,412910,409642,404823,398816,392084,384132,374833,365667,357182,348295,338510,327913,318476,311460,310875,315138,317998,315450,308445,300808,317223,323649,325100,323484,319351,314516,309447,304068,297285,288551,279562,270633,261943,252857,242864,232817,222421,211551,199993,188316,177126,166738,157265,148458,140175,131932,123877,115996,108310,101213,94437,88115,82239,76715,71194,65738,60457,55282,50207,45236,40445,35839,31436,27223,23257,19579,16191,13118,10387,8055,6114,4544,3300,2342,1621,1094,722,468,684,23398370
"Colombia",2014,1,392134,392197,392652,393267,394506,396192,397535,398821,400224,401495,402754,404435,406757,410555,415121,419442,423047,425703,427650,428846,428974,427808,425346,421072,415363,408529,400850,391949,381661,371448,361690,351373,340176,328176,317450,309070,306666,309096,310207,306327,298001,293362,309426,313872,313543,310248,304842,298997,293050,286848,279307,269539,259645,249875,240500,230775,219924,208947,197496,185636,173075,161458,150397,139541,128801,118437,108593,99191,91219,84804,79664,74995,70203,65587,60942,56341,51887,47520,43137,38718,34358,30223,26289,22570,19080,15876,12973,10405,8187,6308,4753,3496,2507,1754,1193,790,506,316,191,112,133,22846927
"Cuba",2014,1,56099,56246,56425,56504,56519,56632,56865,56701,58644,62541,66477,69843,70148,70546,73412,75157,75115,73994,72335,71657,72601,74705,79682,86484,88785,88710,86721,80746,81064,80832,76514,74524,67074,55984,56051,61563,69751,78397,86065,92078,96311,99248,102062,104633,106797,108530,109667,110758,110727,107978,101986,93711,84514,76008,69085,64522,61727,59019,56149,54003,52579,51694,51217,50768,49959,48548,46763,44843,42990,40980,38975,36987,35085,33097,30895,28501,26053,23598,21260,19083,17097,15210,13470,11743,10055,8445,7002,5741,4624,3667,2876,2232,1683,1245,891,616,410,266,167,102,130,5489173
"Cuba",2014,2,52963,53107,53284,53363,53387,53499,53736,53585,55431,59121,62855,66095,66415,66794,69521,71203,71224,70188,68682,68088,69019,71071,75774,82261,84546,84572,82815,77278,77708,77622,73587,71860,64785,54062,54397,60172,68534,77317,84956,90852,94827,97406,99857,102159,104323,106464,108321,110191,110913,108955,103575,95784,87053,79030,72520,68350,65926,63743,61296,59427,58169,57343,56798,56252,55354,53931,52144,50277,48497,46544,44523,42486,40358,38127,35826,33407,30988,28606,26325,24145,22138,20289,18546,16761,14981,13248,11650,10139,8730,7431,6253,5200,4231,3376,2632,1997,1465,1055,734,495,778,5558078
"Egypt",2014,2,971856,966331,961715,956389,950543,943680,934902,924118,911138,896198,879693,862116,844263,826443,810165,795676,781844,769454,728900,766785,760153,747745,735692,727160,723516,726447,734782,745690,756654,763059,759922,744896,721928,700755,679392,648482,609012,565777,518832,478089,452503,445521,449063,454730,454782,449541,435290,416722,397883,384116,376319,376549,380530,385532,385726,378340,361155,338643,315620,295976,279104,266875,257116,246482,234220,222404,210335,198032,186989,175550,161332,144358,126696,108495,93417,84131,80988,80480,80359,77348,70597,59828,47907,37171,28756,22805,18788,15893,13057,9966,7551,5600,4056,2870,1978,1328,864,546,333,199,234,42929771
"Egypt",2014,1,1017624,1011490,1006749,1001161,995006,987752,978426,967006,953304,937568,920205,901722,882953,864210,847318,832614,818762,806191,763567,800085,794177,784356,775231,769658,768710,773640,783302,794951,806493,813445,811200,797526,775947,755165,733281,701756,661366,616318,569555,526743,491115,465310,446049,426519,407250,394555,387682,384537,382646,380446,378238,374954,370653,367711,363792,354853,340509,323194,304436,287419,273499,263710,255614,247788,237171,222518,203059,181540,160491,142119,126366,114058,103835,93403,83160,74929,68230,62281,56811,50938,44258,36937,29825,23541,18335,14184,10916,8310,6056,4350,3041,2069,1371,884,554,337,198,113,62,34,32,43965328
"Ethiopia",2014,1,1738859,1666349,1614114,1569528,1529765,1493566,1457630,1423095,1385337,1345873,1307429,1267836,1228618,1191851,1156393,1121078,1082764,1042397,1000189,962097,927926,897829,864966,843358,814858,788300,765374,742925,694093,640456,659124,647592,619931,590282,561647,534321,509692,487666,465308,445418,428111,411456,395351,377805,361429,346251,332296,319286,305709,293594,281924,270732,260053,248728,238364,228028,217741,207693,197082,187203,177346,167517,157871,147766,138355,129108,120070,111371,102502,94320,86393,78781,71597,64493,58019,51835,45953,40431,35057,30178,25590,21362,17591,14188,11298,8831,6764,5062,3670,2604,1800,1215,802,512,322,195,115,67,36,20,19,48025696
"Ethiopia",2014,2,1707720,1648239,1599840,1557872,1520334,1486170,1452316,1419764,1383851,1346036,1309548,1272582,1235848,1200909,1167425,1134108,1096494,1055963,1013897,976161,941764,911457,878340,856550,827541,800282,776590,752782,702837,648345,673134,657349,628582,596814,565023,534455,507299,483958,461483,442598,426766,411781,397210,380853,365207,350821,337856,325762,312865,301127,289469,278008,266963,255275,244769,234471,224356,214700,204618,195507,186537,177702,169180,160186,151955,143784,135554,127288,118337,109793,101251,93102,85680,78515,71949,65457,59004,52697,46381,40530,34987,29836,25187,20895,17144,13819,10917,8442,6322,4640,3318,2321,1592,1060,691,440,270,160,90,51,54,48607762
"Greece",2014,2,46126,46840,47531,48173,48745,49239,49644,49950,50141,50216,50185,50066,49852,49555,49181,49085,49549,49837,49642,50197,50898,51844,53119,54889,56299,57437,59487,62033,65132,68556,71831,74827,77755,80431,81965,82557,82833,83808,84632,84974,84436,83970,83542,83609,84317,85032,85111,84046,82022,79680,77482,76599,76057,76575,76766,75280,73838,72700,71830,70070,67707,66996,66429,65532,64017,62927,63274,64006,62899,58621,52273,49706,49758,52503,54772,53945,52597,51459,51198,49165,45590,42999,40070,38463,36000,32140,28877,25619,22512,18590,14499,11712,9576,7836,6187,4573,3514,2663,2060,1561,3125,5509973
"Greece",2014,1,49032,49787,50518,51195,51801,52318,52738,53052,53246,53316,53282,53147,52917,52599,52203,52073,52551,52348,52406,53516,53545,54257,54923,55596,56634,57485,59197,61499,64434,67639,70884,73975,76952,79898,81430,81871,82311,83087,83991,84433,84324,84176,84646,85017,84969,84745,84563,83674,81618,78994,76501,75265,74535,74840,74756,73330,71683,70444,69450,67850,65626,64552,63922,62812,60601,58507,58004,58097,56432,51862,46198,43401,42404,43339,44347,43086,41265,39518,38537,36489,33725,31156,28606,26481,23855,20843,17986,15410,12828,10183,7734,6030,4801,3749,2811,1992,1448,1068,795,577,1041,5265584
"Iceland",2014,2,2243,2248,2209,2275,2404,2362,2239,2156,2130,2098,2102,2062,2049,2119,2199,2189,2151,2164,2228,2229,2385,2434,2342,2414,2423,2315,2235,2196,2227,2260,2288,2266,2183,2261,2331,2259,2128,2110,2124,2105,2126,2228,2173,1985,2006,2026,2035,2157,2194,2227,2252,2208,2144,2131,2173,2146,2078,2030,1982,1900,1834,1750,1713,1685,1576,1561,1498,1367,1313,1268,1210,1156,1040,950,881,823,805,809,810,774,730,712,692,695,650,561,507,464,406,344,314,281,238,196,152,117,93,70,51,38,73,163550
"Iceland",2014,1,2345,2348,2343,2426,2521,2466,2380,2295,2240,2208,2176,2110,2104,2165,2157,2138,2252,2323,2333,2371,2437,2474,2502,2519,2485,2402,2413,2329,2222,2281,2313,2337,2358,2456,2466,2352,2147,2097,2152,2137,2227,2306,2196,2037,1986,2046,2070,2104,2183,2160,2192,2178,2107,2133,2198,2114,2093,2106,1966,1885,1919,1872,1751,1695,1668,1550,1505,1449,1356,1259,1157,1077,968,830,783,760,736,699,642,623,590,566,551,523,464,403,359,309,266,230,186,155,133,113,80,64,48,34,26,17,39,164322
"Indonesia",2014,2,2079921,2090853,2105021,2120207,2137893,2157193,2174971,2191165,2205229,2217202,2230029,2231039,2235563,2235617,2236665,2241363,2236131,2228123,2202767,2160382,2107434,2067270,2041843,2014157,1992078,1977167,1961613,1943516,1942198,1956307,1965184,1971151,1972772,1976068,1935798,1929646,1951424,1956222,1953697,1969059,1939516,1890328,1819299,1731838,1637159,1553153,1490374,1461016,1446523,1429493,1407696,1395275,1390189,1385222,1384456,1375104,1340659,1280918,1201352,1126051,1054859,976110,893001,810427,722243,646188,603086,596604,608914,623634,624434,609111,572373,524583,479298,440396,401360,364862,330086,294303,259332,228729,202406,178304,156693,134566,110510,85723,63454,44845,31457,22959,18174,14877,12079,9200,6448,4046,2315,1237,1470,126752255
"Indonesia",2014,1,2167835,2174397,2187741,2202361,2219687,2238671,2255845,2271253,2284424,2296443,2308612,2310453,2313068,2311806,2311924,2318736,2312344,2304208,2278020,2234415,2182451,2144912,2122199,2095348,2075083,2062608,2049032,2032524,2034090,2050512,2060254,2065558,2065332,2066852,2013608,2055106,2079133,2076465,2061267,2065974,2029497,1981035,1921962,1852964,1777996,1702422,1628505,1563164,1498272,1433090,1368083,1307743,1252560,1200145,1144897,1091950,1051341,1027042,1004975,991088,966483,915196,833010,737435,639117,560545,512705,501636,508695,515917,509305,490495,455205,411948,371770,336836,301671,268323,236760,205274,175990,151694,131995,114614,99119,83338,66733,50219,35903,24537,16594,11475,8426,6338,4717,3308,2150,1261,678,341,350,126857388
"India",2014,2,11213365,11086258,11033255,11010264,10991494,10971896,10951364,10927112,10934709,10972427,10997453,11005830,10999365,10985798,10968105,10938762,10900533,10847890,10763443,10648352,10519887,10377635,10220363,10099875,10026024,9971657,9895237,9805248,9708679,9609062,9504781,9396869,9285648,9171653,9055280,8937443,8818887,8699977,8581673,8464580,8348484,8232792,8119780,7934803,7680756,7434321,7193189,6957495,6727083,6501602,6280431,6062909,5848551,5636862,5427411,5219752,5013569,4808827,4605827,4405089,4207029,4011861,3819362,3633988,3449807,3284007,3118761,2955420,2793261,2631620,2470327,2309512,2149499,1990781,1833923,1679540,1528201,1380493,1237008,1098358,964430,836348,716147,604804,503233,412046,331568,261863,202708,153593,113767,82251,57959,39751,26498,17145,10755,6537,3847,2191,2447,594670312
"India",2014,1,12574249,12477513,12457677,12454970,12451218,12441715,12426873,12406130,12421231,12467362,12495625,12504408,12496730,12481604,12459096,12420145,12365885,12293367,12183503,12036371,11872309,11692232,11497222,11264718,11070788,10947740,10829902,10707059,10574793,10435582,10294155,10150587,10005214,9857958,9708718,9558082,9406279,9253016,9098769,8943989,8789259,8634825,8483606,8270673,7998776,7734769,7476074,7222470,6973642,6729354,6489262,6252931,6020199,5790764,5564088,5339721,5117211,4896305,4677167,4460184,4245543,4033215,3822900,3618857,3414565,3226545,3039564,2855721,2674850,2496606,2320885,2147678,1977120,1809619,1645876,1486669,1332798,1185031,1044044,910356,783596,664896,556332,458476,371695,296095,231490,177394,133073,97614,69920,48836,33218,21977,14127,8814,5334,3130,1779,980,1037,641674319
"Iran",2014,2,695664,682890,671043,658726,646927,635510,625478,614121,604754,600587,595932,587640,579621,577461,573663,572731,588890,611404,645897,705112,756702,801431,854154,894490,910498,895511,889391,910852,876806,866171,846938,824882,801903,777296,749430,718114,683046,644476,604628,568028,539551,522055,512518,506618,499034,487573,469721,447515,424377,403735,386185,373037,362962,353873,343623,331706,317192,300821,284356,268511,252377,236078,219838,203911,188668,174411,161320,149411,138061,127671,119243,113071,108511,104536,100527,96581,92500,88205,84060,79633,74132,67450,60145,52650,45650,39547,34468,29989,25940,21863,17553,13155,9223,6058,3826,2416,1615,1141,814,561,825,39831395
"Iran",2014,1,729430,716713,705017,692440,680249,668407,657978,646137,636393,632145,627409,618784,610552,608499,604713,603896,621100,645018,681584,744237,798935,846379,902207,946668,967232,953899,947805,971632,914439,900260,878599,855389,831618,806576,778842,748275,714547,677685,639593,603984,574933,554630,540397,529300,516747,500116,476858,449120,420300,394948,374941,361988,353799,346785,337869,326807,312576,296033,279731,263966,246716,227724,207914,188192,169971,154240,141632,131513,122358,113794,106745,101189,96733,92643,88686,85093,81747,78345,75036,71093,65574,58447,50584,42694,35673,29969,25604,21996,18793,15540,12136,8751,5838,3620,2149,1265,793,528,358,233,300,41009318
"Israel",2014,1,80418,83390,83760,82711,81515,79282,77035,74963,73153,72358,72754,71687,69779,69154,68473,67399,66055,64426,63061,62195,61916,61649,60911,60209,59946,59202,58718,58388,58456,58278,58155,56855,54883,54443,54583,54868,55050,54930,54411,53491,52307,51078,49774,48492,47201,46055,44907,43740,42591,41380,40280,39188,38162,37219,36310,35633,34939,34254,33714,33305,33077,32873,32504,31768,30506,28973,27419,25866,24142,22197,20210,18162,16297,14953,14289,14123,14059,13833,13407,12710,11767,10809,9926,9058,8181,7320,6463,5638,4876,4163,3503,2918,2369,1859,1382,996,687,464,314,212,349,3978061
"Israel",2014,2,76597,79444,79815,78836,77717,75616,73492,71542,69844,69125,69521,68515,66701,66106,65432,64407,63147,61579,60267,59419,59121,58838,58094,57380,57105,56436,56013,55727,55812,55670,55568,54371,52517,52117,52188,52366,52465,52289,51794,51039,50053,49087,48003,46805,45420,43979,42519,41129,39926,38926,38231,37583,36973,36505,36133,36005,35921,35796,35664,35470,35277,35046,34686,33987,32812,31395,29913,28423,26722,24839,22909,20880,19052,17762,17217,17211,17350,17326,17090,16518,15569,14573,13642,12774,11951,11152,10311,9375,8345,7208,6095,5057,4128,3294,2554,1947,1438,1034,737,509,810,3943078
"Italy",2014,1,280926,283938,286982,289960,292864,296240,295903,292970,290874,291417,289624,285354,284821,288256,290814,289913,291696,293223,292743,296111,304826,316264,321446,317243,322737,326043,329837,328178,336958,349021,358621,368769,378494,386524,395779,414382,431962,444317,467119,488464,500745,507279,502229,502506,497048,501305,498822,500463,505636,504636,492866,468240,454081,439926,426848,411586,396247,389437,382974,372073,359550,349881,345511,347293,348777,355454,356576,344773,313930,270334,277001,269636,269308,277974,278597,265053,243951,219362,207774,197537,180727,164523,151863,141772,126991,109115,96352,84516,72613,61764,52058,42612,34276,26682,18716,8758,6369,5462,4882,3921,6815,29745619
"Italy",2014,2,265580,268840,272143,275390,278387,282486,282545,279451,277254,278859,278759,275911,276243,279740,282959,283351,286495,289571,289973,293606,302434,314977,321471,319773,326539,331216,336351,336400,347478,360248,368644,379082,389027,395753,402917,421248,440305,458439,478699,496633,509383,511629,504859,509334,504437,509461,508566,511296,517853,517127,505331,482939,469870,456737,444550,430039,416314,409664,405282,395967,384060,373518,371907,375671,379839,389223,391472,381488,349871,305181,316594,312243,316143,331899,337583,326837,308064,284477,277471,270813,256124,241381,232382,224866,209537,187753,174338,160169,144736,128313,114032,99879,85597,70039,51694,25823,19777,17800,16837,14311,28946,31934503
"Iraq",2014,1,564531,550775,540630,530181,521837,512027,508126,504311,496675,490401,477463,464774,448732,430211,415661,402481,389032,375374,361768,348332,335742,323651,310155,309018,307514,301085,289269,309918,295864,283081,272431,262402,254805,248937,242483,233662,222656,214079,206732,201356,196695,191120,188803,188902,181170,172621,161764,152476,145611,131775,121575,110106,98080,88073,74412,71545,71302,73636,76424,77318,73174,66414,59880,55157,53697,48775,44072,40072,36721,36578,33475,30689,28362,26392,25794,23053,20006,17149,14939,14218,12715,11344,10329,9475,8711,7278,5759,4544,3606,2846,2080,1423,949,641,434,290,184,122,82,49,57,18163105
"Iraq",2014,2,540470,527835,517798,507734,499749,490329,486362,483176,476647,470631,458234,446013,430717,413187,399433,387028,374403,361702,349069,336572,324874,313616,301347,300934,299327,292788,281650,302710,290139,279228,270441,261809,255139,249560,242680,233163,221203,210676,202986,195173,188809,182758,180135,178887,172032,164260,154703,146178,139075,128266,117936,106493,94553,84865,78046,76220,77307,81095,84557,86201,82375,75581,68911,63848,60466,55445,50770,46723,43083,41387,38372,35808,33623,31668,30404,27801,24813,21887,19635,18468,17325,16316,15692,15013,13793,11935,9815,8017,6547,5151,3866,2752,1908,1310,882,591,382,251,161,95,110,17811888
"Japan",2014,1,531077,541774,552406,562139,571064,579960,583552,580576,567477,570902,589542,601369,611550,619555,618785,656860,659942,661112,673558,676871,625555,619140,629773,617609,609009,619690,647333,670142,686469,708014,727473,731061,733463,752860,787455,773885,801811,824692,852683,901983,963929,967345,944513,920456,895627,897326,878040,824689,728515,836272,807705,784635,761252,759256,765069,778086,755702,746745,783207,802257,814962,857569,900114,953248,1021982,1085577,1058293,920401,647989,705835,792283,769726,770301,724858,640131,555160,571759,565992,536294,488985,448538,422451,390013,349326,309025,274856,241279,208417,175453,140241,106561,80560,62205,48518,38134,25672,19846,14613,10451,7117,11795,61697327
"Japan",2014,2,503149,513308,523405,532633,541081,549478,552851,550110,536404,527849,541810,553196,562850,571036,573649,574058,576971,578501,579062,589425,590294,585432,596517,603832,616899,640381,663885,685741,705479,743725,762203,766573,767945,781710,796494,816896,846176,867985,905195,936370,977252,986846,967825,942185,913130,893724,879337,831307,728078,838111,791035,770828,748471,741956,752812,761223,741743,734898,772211,793333,808230,860858,909485,969544,1049428,1122370,1101513,958668,677416,759088,867244,850714,859525,820168,737250,671014,708222,715772,702528,663187,631824,616315,588271,550517,509000,476085,439980,404464,366491,319269,272356,237383,200704,167993,138784,97706,80697,63284,48720,35447,71684,65406061
"Kosovo",2014,2,15112,15092,15176,15263,15317,15378,15447,15340,15870,16151,14931,15134,16385,16895,17319,16759,14867,15813,16062,15268,14761,14392,15854,17873,17806,17763,18117,17385,16557,16213,14874,14552,13486,13882,13100,12418,12151,11744,11390,10994,10779,10778,10635,10518,10460,10483,10565,10356,10104,9888,9702,9645,9280,8827,8383,7961,7767,7420,7028,6755,6488,6397,6077,5793,5557,5314,5125,4901,4680,4452,4311,4200,4045,3910,3689,3527,3367,3139,2900,2631,2416,2196,1909,1646,1408,1180,985,762,573,439,337,260,187,136,91,62,41,25,15,10,15,901421
"Kosovo",2014,1,16350,16328,16424,16525,16587,16651,16726,16619,17214,17432,16177,16360,17563,18184,18736,18252,16373,17370,17681,16865,16353,15994,17738,20085,20027,19902,20237,19326,18191,18022,16982,16428,15569,15668,14529,13743,13459,13062,12700,12320,12112,12114,11972,11842,11751,11733,11778,11532,11248,10943,10714,10610,10184,9629,9047,8533,8239,7681,7149,6667,6275,6000,5502,5067,4649,4331,4109,3832,3617,3413,3285,3147,2978,2857,2682,2560,2408,2207,1980,1762,1564,1398,1209,1038,865,716,582,435,314,229,169,126,85,60,37,26,15,10,5,3,5,957782
"Mexico",2014,1,1156200,1152935,1147739,1145212,1146503,1146048,1144906,1144584,1145240,1146706,1147113,1144261,1142953,1140308,1137869,1134846,1129817,1124118,1115334,1107215,1101143,1089492,1076700,1065649,1055131,1042080,1026508,1008912,990706,967218,933592,905817,880089,855105,843917,829128,824453,820694,821001,818755,810402,793914,768998,739993,713479,690120,669133,646349,628396,609118,588127,568686,549524,529010,512097,494489,473566,445939,416950,389031,364042,341464,322687,308023,294601,280532,267442,254096,241825,230221,219125,207761,195709,183513,171376,159370,147468,135440,123872,112543,101560,91112,81121,71537,62397,53626,45054,37054,29778,23500,18257,13963,10518,7803,5655,3970,2699,1791,1166,746,1075,59018810
"Mexico",2014,2,1103874,1100573,1095415,1093045,1094319,1094236,1093598,1093252,1093202,1094006,1094542,1094749,1093908,1092261,1092441,1092257,1090756,1088327,1083653,1079297,1076201,1068622,1060374,1054402,1048110,1038962,1028744,1013240,997608,982391,962950,946377,930258,915629,912369,902170,895495,891552,890458,883765,871982,854510,832178,806655,785624,767784,748955,733946,719703,700644,679593,659287,637789,614565,595328,575965,552615,524131,494123,461198,429819,402114,379878,361777,345454,329332,313942,298145,282686,268972,256669,244358,232124,220292,207397,194058,180651,166842,153289,140145,127688,115586,104046,92878,82333,72011,61615,51583,42257,33902,26723,20704,15819,11860,8700,6224,4312,2915,1915,1207,1660,61267845
"Nigeria",2014,1,3251734,3077004,2957543,2862578,2777434,2700827,2631634,2566919,2505370,2457838,2423238,2364410,2278059,2191332,2105384,2017866,1939716,1875949,1817462,1762438,1709749,1659654,1612312,1567483,1523488,1478807,1434087,1390212,1348331,1308153,1275650,1250571,1215968,1172261,1129459,1088798,1049798,1008119,963677,920215,878185,837831,799339,762782,728005,695463,661797,633096,605523,577863,552353,515004,493375,472310,450612,429940,393819,376720,359889,344722,327287,316703,298962,280309,265280,250905,251119,233952,216367,198363,181514,170328,154710,139564,124865,111201,98436,86459,75235,64795,54991,46181,37967,30706,24406,19050,14652,10951,7997,5709,3981,2713,1798,1162,728,444,262,151,86,46,51,90350541
"Nigeria",2014,2,3087505,2935834,2822678,2731804,2649939,2576648,2511194,2450085,2391716,2346475,2313334,2257254,2175334,2092832,2011105,1928176,1854048,1793011,1737472,1685502,1635982,1589090,1544905,1502959,1461388,1418562,1375073,1331861,1290105,1249715,1216657,1190660,1155606,1112140,1069651,1029325,990356,947740,900862,854319,809689,768590,732402,700447,671643,645318,621485,599200,578220,557231,537586,510232,492050,473904,455187,437214,407920,392149,376358,362274,345589,339990,321430,302399,285978,271362,265880,249102,231501,213104,195778,180746,165404,150468,135868,121883,108521,96212,84601,73709,63304,53651,44691,36665,29576,23458,18296,13942,10398,7584,5402,3760,2553,1688,1085,677,411,244,138,78,86,86805213
"Norway",2014,2,30172,30071,30197,30856,31558,31492,30884,30564,30239,29874,29740,29382,29545,30394,31160,31223,31380,32016,32289,32328,32493,33182,34026,34873,35211,34983,34557,33948,33540,33322,33068,33002,33118,32756,32462,32236,31709,31893,32929,34309,35225,35881,36561,36492,36752,37116,36449,35832,35355,34808,34078,33001,32304,31924,31760,31649,31297,31184,30981,30257,29833,29286,28123,27611,27913,27987,28471,29216,28034,25729,23613,21240,18988,17782,17640,16858,15907,14946,14154,13516,12896,12847,12678,12129,11407,10577,9876,9143,8410,7615,6890,5877,4841,4107,2989,2208,1691,1223,815,552,896,2558401
"Norway",2014,1,31790,31648,31826,32454,33184,33250,32578,32234,31831,31469,31433,30936,30943,31973,32627,32593,33088,34105,34359,34293,34453,35119,36069,36893,36901,36540,35866,35471,35377,35084,35030,35364,35372,35202,35244,35044,34326,34205,35089,36158,37170,37976,38365,38153,38568,39061,38253,37719,37584,37017,35900,34614,33994,33350,33243,32983,32332,31893,31651,30841,30171,29732,28879,28318,28294,28440,28608,29052,27588,25224,22878,20128,17539,16230,15773,14611,13457,12398,11386,10512,10007,9494,8982,8200,7464,6513,5713,5053,4396,3775,3163,2507,1941,1579,1066,774,530,348,225,147,208,2589391
"Poland",2014,2,184986,186545,187569,193209,200228,201350,193930,181616,175756,173584,170206,169451,173417,179088,182101,185918,193091,200494,204975,217846,231828,239158,251552,258448,261569,261906,265642,288235,308311,323698,333062,334250,322718,317571,319218,313402,307414,305348,303929,292913,283659,276490,264218,252415,239528,229656,227869,227104,231507,237780,244343,249147,254048,267645,284628,297889,308659,310022,309800,305855,299080,295854,289383,280846,267914,255019,242892,222220,186657,153264,146353,142176,142992,148896,153631,151832,147623,145437,142691,133749,124806,120286,115650,108157,100075,86775,76281,64410,58012,49610,39177,31703,23640,17490,12572,8192,4934,3596,2830,2288,4735,19901522
"Poland",2014,1,195813,197456,198599,206346,213653,212548,204305,191377,185387,183308,180063,179579,184054,190288,193733,197823,205003,212615,216872,228578,242771,250680,263690,271089,274529,271995,274068,298311,317899,333894,343539,343953,332616,325852,327691,322527,315957,313944,311035,300086,290583,282718,270530,257475,245359,236121,232759,229203,230531,235184,240212,242666,246336,256571,269591,279919,287757,285454,281432,274779,264627,258647,248199,238083,224839,209417,196507,175479,142961,113971,105678,101087,98443,100237,99503,95005,89580,85692,81273,74302,66966,62854,58569,53279,47585,40706,34551,27857,23615,20702,16048,13194,9965,7632,5412,3478,2073,1529,1170,937,2005,18692363
"South Africa",2014,1,537815,533070,535802,540306,535126,526573,516318,504642,495194,490301,485353,480686,476857,472726,469408,469975,470790,466837,464936,473694,488049,512369,531349,550321,564341,571666,573025,574234,569488,548803,520434,494304,471004,450478,431612,410429,390211,371742,355649,341393,327237,312649,298340,285032,272721,262026,251937,243308,236741,230055,223527,217002,210888,205247,199896,194334,187731,180418,172488,164244,155879,146749,138142,129637,120928,112867,105120,98135,92025,86476,80790,74975,69440,64208,59045,53807,48325,42819,37431,32399,27672,23238,19311,15947,12973,10352,8057,6129,4560,3331,2366,1632,1102,732,472,294,178,105,59,33,37,26230908
"South Africa",2014,2,530797,527756,531058,535246,532404,523317,513371,502383,493279,487062,480608,474198,468649,465499,465194,468544,473515,476046,481652,492430,506616,520519,533038,546528,556532,560020,558654,556061,547961,527749,498125,471410,444793,423721,406188,388253,371327,355163,340297,327727,316923,306418,296111,286118,277110,270213,265013,261047,254822,247361,240467,234760,230043,225013,219721,214739,209300,202932,195397,187132,179061,171238,163956,157708,150835,143507,135532,127080,119569,112419,105263,98581,92592,87313,82055,76408,70054,62911,55621,48465,41862,35953,30826,26179,22083,18241,14702,11501,8744,6467,4689,3338,2345,1617,1092,714,450,273,161,97,117,26775949
"Sudan",2014,1,521539,512768,508592,506045,501214,499135,502472,494359,488691,485217,481651,476905,469621,459819,448031,433965,419743,404958,390306,376656,362995,349037,334969,321817,310254,299262,289111,278926,267678,255173,241365,227389,214532,203567,195377,189109,183419,177945,173787,171135,169398,168377,167082,164620,160565,155128,149512,143977,137839,131242,124149,116659,109264,102713,97516,93186,89263,85193,80937,76413,71540,66658,62083,57980,54578,51615,48899,46222,43602,41028,38438,35840,33367,31199,29424,27845,26253,24474,22426,20133,17548,17221,14963,12808,10828,8989,7328,5859,4584,3527,2644,1933,1380,955,649,427,273,169,101,60,72,17897489
"Sudan",2014,2,500710,494521,491180,489337,485171,483670,487286,477630,472977,471557,470195,466856,459514,447971,432922,413961,393844,374048,357119,344910,335713,327382,318498,309890,301482,292900,284682,277002,269616,262647,255815,249256,242823,236266,229707,222885,216073,209369,202927,197062,191222,185355,179234,172946,166668,160046,153579,146943,139510,131269,122205,112785,103801,96002,90024,85215,80960,76619,72180,67546,62652,57858,53477,49577,46344,43532,40996,38542,36167,33849,31540,29243,27106,25298,23908,22728,21558,20209,18600,16734,14587,13351,11789,10268,8841,7480,6223,5080,4063,3198,2453,1840,1346,956,665,450,294,187,115,69,88,17584744
"Turkey",2014,2,632684,638316,645052,649792,655023,658464,662684,667729,670494,672015,670519,667573,664426,659819,654086,648894,644267,638743,632412,625443,618167,616329,619776,622733,625000,626423,627277,627691,635329,649110,660535,669761,677232,674981,652590,624123,604706,591600,582388,573980,563956,551701,537310,521588,506146,490797,477780,467836,460321,454699,448501,439133,425295,408478,390283,372853,357078,344003,332846,322067,310144,296883,281871,265874,249767,234337,219663,206207,193958,182018,170638,160996,153310,147009,141410,135511,128729,120727,112015,102916,93789,84907,76653,68712,61021,52993,44346,35379,26981,19812,14164,9910,6897,4793,3259,2164,1440,970,660,445,658,38934773
"Turkey",2014,1,662689,668501,675672,680664,686155,689748,694114,699343,702182,703911,702856,700215,696999,692012,685815,680184,675032,668774,661479,653358,644766,641694,643956,646232,648369,649597,650218,650311,657848,671719,683342,692863,700528,698256,673178,640423,618812,604474,594528,585732,575579,563508,549769,535208,521640,507562,494438,482202,471062,461832,453156,442345,428406,412302,394590,376869,360281,345809,332781,319537,304957,289497,273026,256185,239818,224056,208273,192499,177128,162259,148416,136169,125787,116871,108143,99619,92264,86094,80451,74854,68430,60792,52108,43266,35164,28089,21884,16625,12323,8897,6234,4221,2763,1763,1083,651,398,258,173,116,165,39467194
"Ukraine",2014,2,237607,244959,244468,238449,240609,243708,234503,223162,211995,203583,199332,190119,181989,178723,183723,190662,205433,214498,230148,240192,247678,264972,286357,306557,320657,334936,358786,367173,385151,373008,385796,381046,341400,344323,351384,332643,332146,326700,344467,333672,328300,323179,331333,322427,315536,299032,307643,306501,315245,316446,340055,362110,367709,380985,391871,373389,370863,356155,352271,334591,342366,314246,330724,325890,324613,331511,258645,239783,222884,142139,179814,169510,224781,287183,278724,287965,292142,285336,204775,152229,106927,93156,123001,119819,133591,103941,100501,79966,66175,52202,39940,28301,19680,12477,8326,6119,3954,2269,1514,1286,1664,24152424
"Ukraine",2014,1,252359,260327,260111,253711,256287,259727,248748,235173,223422,215451,211137,201557,192984,189255,194875,200845,215344,227127,243635,252879,260997,276518,300692,321252,335501,349349,372436,381616,396262,383220,395709,391320,352577,347736,353599,332379,327914,319427,335531,321655,316849,310282,314132,302051,291723,273996,281880,276301,279222,275893,292803,307420,308849,316686,322283,299168,293745,276896,267616,248735,251208,224765,233889,228402,221022,219232,170375,147366,133505,76197,97439,88859,115132,149352,137463,137122,139023,140613,98208,69949,46838,35600,46372,45995,51328,38034,37671,31678,22001,15967,11332,7809,5009,3318,2191,1571,983,533,334,257,329,20791445
"United States",2014,1,2017857,2023253,2022502,2048618,2043498,2043467,2110328,2122240,2105122,2097272,2099874,2083687,2075243,2128187,2164228,2128424,2130938,2138809,2165062,2220790,2269570,2310734,2367842,2399883,2391398,2295836,2240026,2200429,2207185,2217913,2140108,2169725,2165840,2140697,2192455,2047326,2004990,1979035,1922571,1985914,1916261,1939916,2031325,2147656,2184235,2067223,2022698,2019306,2058243,2179993,2211607,2205405,2198124,2219617,2242828,2158258,2140722,2110149,2027959,2006900,1914009,1837080,1763504,1701827,1661474,1607688,1589127,1653257,1211480,1187554,1149247,1169356,1010896,913008,857432,803434,758378,689822,649209,610723,540032,511090,476976,442449,411265,359264,322934,283305,240316,205684,170350,138080,109873,85980,62130,42824,31235,20479,13649,9037,13729,156936487
"United States",2014,2,1930493,1938870,1935270,1956572,1959950,1961391,2024024,2031760,2014402,2009560,2015380,2001949,1993547,2041159,2068252,2035299,2036296,2045897,2060528,2105604,2149317,2179012,2244480,2298701,2301237,2213758,2166446,2132116,2144666,2169563,2110672,2148981,2154232,2135416,2170440,2046713,2009423,1995155,1936610,1993913,1940627,1977497,2064604,2184835,2204527,2094227,2053539,2062844,2100753,2229216,2279824,2283261,2282051,2316131,2331961,2263367,2254749,2237030,2163798,2148517,2071358,1997348,1922318,1870552,1826662,1776761,1758649,1832245,1361047,1347458,1317238,1350392,1183338,1089183,1032934,971263,936270,867417,832296,803512,724040,704919,676658,648016,624921,565705,532762,487380,435171,394150,342495,288866,244659,200353,156525,114300,89949,63252,46536,32791,58468,161920569
"Uzbekistan",2014,1,247894,245969,243967,241817,239522,239401,241032,241838,242070,242120,244433,252005,259987,256977,254806,259879,272864,291603,304719,304114,303924,315316,324135,321273,310952,306255,312431,312356,304159,288418,270206,255114,245732,235812,227823,219348,207712,205448,202920,194182,188640,184945,178729,171656,159672,157966,154599,149867,151956,151518,150956,150219,149056,150177,141049,131251,122979,111417,101694,92119,83008,79197,74487,69149,60828,49298,45235,40384,29365,21277,19855,26778,32129,35028,34839,32430,29600,27343,23559,19073,16928,16909,14240,13640,12859,11728,10015,7687,5610,4095,2791,1906,1320,980,658,409,285,195,140,102,191,14396548
"Uzbekistan",2014,2,235411,233987,232255,230310,228216,228171,229787,230608,230890,230896,231773,238099,246446,244500,243385,248373,260810,278394,292790,294567,299098,315495,324529,318030,302448,297818,305168,305677,299097,284342,266918,253370,243660,233283,225835,218100,207265,205732,203097,195234,190227,186533,183073,178546,167900,165057,162442,159961,162754,161693,160914,160909,158790,160250,152070,142345,133285,121847,112378,102660,93795,90811,86265,81008,72182,59598,54693,48786,35414,24607,21784,29725,38013,43976,45621,43830,40661,37344,32026,25749,23682,25702,22235,22980,21033,18324,16349,12815,10777,9351,7112,5290,3689,3190,2302,1441,1095,739,550,415,711,14533168
"Vietnam",2014,1,791389,793756,794617,794200,798024,806290,813283,813575,807328,815884,799350,786058,789564,774402,768936,761776,773075,801969,828823,856635,883351,905001,919339,929496,938895,940842,930817,865118,890255,929015,939016,902095,797050,765984,772675,748949,719876,720796,731760,686315,676382,675010,629781,633469,606352,597355,563145,563222,565631,579670,554090,542548,447774,522709,485937,431385,424765,370964,342150,352590,284851,277530,210431,241604,213224,175037,168147,137730,132439,121373,101938,107451,93029,117707,105979,87657,89508,79738,71158,62608,60292,55557,43606,52273,41023,29546,25729,18649,15703,11722,8116,6592,4242,3970,2514,1383,905,553,351,214,282,46712869
"Vietnam",2014,2,708768,709619,711217,711774,716186,724617,731967,733783,730154,739941,726850,716785,721919,710028,706994,702464,714814,743250,769988,797795,824755,847142,862813,874625,885731,882283,886318,818554,853644,889858,903055,871443,774538,745757,748156,724880,699255,700126,711822,656657,654265,671340,650880,647926,631084,626311,559411,573690,585361,614234,595574,578307,482111,577418,546985,515832,481899,426173,405170,404647,338618,343149,265807,299743,282271,238528,216372,175087,173001,167325,146789,159485,150573,173198,159750,134689,147896,132059,125368,117503,110450,104891,87555,95409,82020,66035,58445,46887,43347,34836,26942,22780,16489,15335,10609,6681,4644,3220,2305,1537,2395,46708966
"Afghanistan",2014,0,1127639,1041511,995128,960850,930990,901818,889754,854501,840242,826183,803465,736678,758882,847976,857603,840324,809015,778660,751904,722866,691152,651237,631468,606868,581551,554972,520115,482691,455994,431847,410014,379294,371296,357668,360300,325463,337111,329541,328254,322076,303895,284238,266935,261672,257102,244978,231543,218790,214720,210315,198650,186110,174645,170964,167093,157127,146143,135997,132461,128874,120143,110606,101876,98159,94350,86778,78663,71336,67812,64215,57926,51255,45379,41964,38584,33651,28587,24177,21475,18948,15633,12416,9770,8074,6608,5005,3611,2561,1940,1463,995,620,415,279,183,111,62,29,16,11,9,31822848
"Algeria",2014,0,909129,896591,883729,869897,843235,807481,774389,735288,694716,656594,629217,602781,586227,571301,558780,566847,594358,615072,641349,698861,726263,735032,734282,720566,709605,721361,738698,738873,730799,724527,721215,717741,711198,699298,681729,657978,628850,597554,567325,542096,524151,511607,500232,487695,474556,459994,444518,428953,414060,399385,385053,371031,357201,342966,327760,311106,293657,275711,258543,243069,229790,218081,207243,196207,184290,170834,156709,142739,130143,119387,110905,104303,98127,92218,87474,83776,80588,77664,74295,69968,64322,57869,51468,45419,39460,33630,28140,23073,18644,14976,12001,9571,7532,5807,4398,3254,2355,1669,1160,791,1362,38813722
"Argentina",2014,0,721046,722586,723696,724374,724531,723690,722441,720760,718127,728523,720364,697968,689107,691275,692469,682735,684972,680051,662188,660785,664891,666540,690313,689450,664329,665408,665600,662571,653780,632896,634231,646597,655855,669999,673438,654521,638743,620742,597146,580052,554062,530073,522625,514296,489298,474451,463058,455908,451700,447870,443967,440446,436912,433047,428046,423095,418073,412773,406984,400202,392443,383069,371801,359057,345798,332378,318671,304722,290631,276441,262491,249209,236919,225456,214161,203030,192428,182448,172516,162522,152323,142178,132092,121852,111561,101245,90619,79759,69030,58807,49440,40852,33125,26330,20470,15536,11568,8440,6005,4175,7100,43024374
"Australia",2014,0,272789,271972,271317,270818,270452,270411,270686,271050,271625,269995,266994,266563,265186,266141,268962,271758,277200,283082,289043,294966,301703,310809,316267,322585,324784,320403,319411,319492,319364,327774,327569,322930,316434,310602,309684,310919,313349,317810,320757,324396,326164,324349,321405,318579,316466,313781,310767,307974,304453,301047,298472,297673,297268,296333,294451,291213,285962,279046,270360,262263,256579,254683,254211,254778,253480,248295,237295,222284,206369,191672,178516,167594,158636,150596,142161,133590,125069,116754,108755,101376,95045,89890,85527,81143,76292,70822,64843,58461,52220,46046,39671,33178,27001,21492,16904,13203,10251,7879,5960,4370,8648,22507617
"Belgium",2014,0,128333,128768,129948,132652,134062,132547,132156,130683,128231,125486,123441,121761,121160,122356,122413,121920,123846,125493,125176,125817,130115,135833,140322,142597,143417,142839,142498,143007,142740,143696,145928,146820,150255,151128,151201,149491,146900,144240,141795,142049,147135,151846,155863,157297,156831,156397,157102,159558,162845,166659,167553,163897,161840,159903,159383,156858,152784,149259,146210,142815,139026,135905,131865,128338,127310,126287,125205,123221,112593,101956,97743,88286,78455,78279,84293,86521,83969,79123,75741,73039,70757,68440,65881,61805,55408,48635,42624,37680,33644,28657,24374,20108,16179,13276,8345,5389,3242,2486,2152,1748,3589,11236729
"Bolivia",2014,0,240454,238338,237584,236966,237295,238296,238737,238722,238348,237676,236722,235539,233087,229432,225719,221913,218023,214069,211803,211185,210316,209318,204855,201384,198277,195950,193768,191261,187938,183459,177786,171086,164105,157128,150781,145457,140894,136751,132417,127590,122015,115970,109971,104540,99842,96146,93220,90519,87806,85392,83255,81299,79435,77479,75295,72772,70017,67202,64441,61670,58893,56142,53337,50537,47855,45316,42900,40577,38232,35675,32876,29957,27075,24430,22152,20323,18829,17423,16034,14796,13678,12629,11635,10614,9484,8261,7015,5853,4813,3880,3072,2384,1806,1332,955,665,445,327,218,139,207,10631486
"Bosnia and Herzegovina",2014,0,34291,34338,34351,34314,34224,33953,33543,33413,33740,34364,35119,35968,36931,39036,41379,46657,49891,50893,47443,44799,42117,48572,52254,54240,56636,56769,57922,56689,57355,58139,57779,57997,57685,57405,57176,55692,56454,58698,59485,58845,58842,60913,64079,61003,61359,61808,63548,65253,65501,63842,63087,63173,64191,64104,61342,61704,57879,56497,55484,57789,52589,55042,44655,44022,44153,39232,34944,35714,27200,23896,23832,24318,27273,29832,30342,27706,26672,24973,23151,20996,18043,15037,12557,10971,8942,7216,5587,4431,3280,2293,1608,1170,785,560,346,142,66,37,26,23,27,3871643
"Brazil",2014,0,2943793,2958326,2974818,2990887,3026527,3082895,3140277,3197658,3254841,3314482,3372063,3421745,3464046,3499378,3498725,3462726,3424979,3387028,3347840,3326557,3321662,3313949,3304575,3292033,3333416,3396051,3414680,3434064,3460312,3539134,3544098,3480645,3454465,3401065,3385723,3330758,3197242,3066448,2979436,2934962,2890469,2846669,2802251,2757795,2699620,2681406,2639964,2580054,2551961,2518211,2466150,2410558,2327423,2240681,2153410,2066727,1982493,1901898,1824204,1747714,1671114,1594128,1516158,1437926,1361179,1286340,1212127,1138460,1066154,994651,926272,863939,808756,758845,711623,664690,617238,568260,518449,468909,421020,375296,332122,291320,252709,216196,182035,150480,122004,97006,75553,57428,42512,30630,21450,14602,9680,6246,3921,2383,3010,202656788
"Canada",2014,0,356577,356039,355457,354887,354464,354494,355119,356042,357620,359941,362204,361921,365053,368612,374674,386284,385514,406359,435929,445245,453840,462806,476991,477299,479028,463209,455005,460990,470169,472376,469751,466771,466778,465956,461379,451687,445598,446668,449340,447766,434795,437495,444193,462057,464872,461716,463479,474331,498176,532290,546292,552124,544311,547960,539087,527030,521086,509905,489661,484941,467609,447679,432842,423597,412555,404057,400130,398147,346303,321803,309717,297357,275076,261796,244469,232998,218345,205648,199455,188310,177011,172017,164148,154626,143059,129517,120217,108984,93620,81507,70077,59833,50528,42135,34637,28011,22200,17180,13137,9942,22919,34834841
"Chile",2014,0,241242,241594,242201,242866,243509,244204,241597,234088,229223,228668,230515,234874,240621,245396,253964,264544,269342,273216,276102,280550,285370,287792,291916,297905,299611,294047,281918,270334,265644,264982,267315,269473,266251,246108,233159,229433,230784,234369,237967,240378,241294,240987,240982,241414,242798,245454,249001,252823,255641,256173,253399,247790,240960,233806,225489,215726,205019,193606,182206,171901,163301,156166,149575,142922,136440,130314,124451,118781,113333,108002,102787,97552,92496,87411,81825,75490,68715,61707,55295,50227,46799,44252,41962,39217,35520,30744,25471,20484,16324,12940,10354,8339,6649,5173,3953,2942,2128,1503,1033,690,1086,17363894
"China",2014,0,16359456,16129305,15935422,15710704,15631685,15688443,15679035,15539800,15317237,14998764,14777382,14786825,15015255,15407156,15932503,16576425,17254088,17925004,18994150,19877869,20160798,20177521,20709223,21788201,29547289,25945925,24396012,25794362,21707784,19453980,19490618,19989005,23663313,17818109,18528292,18592032,18136370,18604205,19644398,20771437,22540248,23560961,23730786,25294861,25328447,26339413,23734110,21975375,24031042,23329443,23990882,25550277,14995360,10785420,13469201,13329456,17574973,16818985,16064932,17509623,16418037,15278419,14810548,12586703,13094580,10932225,10232377,9681653,8736410,8104874,7503827,6914396,6850152,6519466,6058281,5592336,5483166,5109748,4805334,4343498,4012186,3598096,2971977,2593959,2336358,1846384,1609550,1203787,963610,815819,602806,413174,308796,216248,152109,90014,58383,36514,21948,12602,14806,1361344333
"Colombia",2014,0,764291,764826,765906,767269,769832,773282,776105,778820,781770,784606,787561,791338,796266,803964,813038,821690,829140,834845,839281,842492,843699,842247,838256,830714,820186,807345,792934,776081,756494,737115,718872,699668,678686,656089,635926,620530,617541,624234,628205,621777,606446,594170,626649,637521,638643,633732,624193,613513,602497,590916,576592,558090,539207,520508,502443,483632,462788,441764,419917,397187,373068,349774,327523,306279,286066,266895,248768,231123,215096,200800,187974,176208,164640,153702,143181,133056,123081,113258,103594,94000,84565,75459,66734,58409,50516,43099,36230,29984,24378,19426,15140,11551,8621,6298,4493,3132,2127,1410,913,580,817,46245297
"Cuba",2014,0,109062,109353,109709,109867,109906,110131,110601,110286,114075,121662,129332,135938,136563,137340,142933,146360,146339,144182,141017,139745,141620,145776,155456,168745,173331,173282,169536,158024,158772,158454,150101,146384,131859,110046,110448,121735,138285,155714,171021,182930,191138,196654,201919,206792,211120,214994,217988,220949,221640,216933,205561,189495,171567,155038,141605,132872,127653,122762,117445,113430,110748,109037,108015,107020,105313,102479,98907,95120,91487,87524,83498,79473,75443,71224,66721,61908,57041,52204,47585,43228,39235,35499,32016,28504,25036,21693,18652,15880,13354,11098,9129,7432,5914,4621,3523,2613,1875,1321,901,597,908,11047251
"Egypt",2014,0,1989480,1977821,1968464,1957550,1945549,1931432,1913328,1891124,1864442,1833766,1799898,1763838,1727216,1690653,1657483,1628290,1600606,1575645,1492467,1566870,1554330,1532101,1510923,1496818,1492226,1500087,1518084,1540641,1563147,1576504,1571122,1542422,1497875,1455920,1412673,1350238,1270378,1182095,1088387,1004832,943618,910831,895112,881249,862032,844096,822972,801259,780529,764562,754557,751503,751183,753243,749518,733193,701664,661837,620056,583395,552603,530585,512730,494270,471391,444922,413394,379572,347480,317669,287698,258416,230531,201898,176577,159060,149218,142761,137170,128286,114855,96765,77732,60712,47091,36989,29704,24203,19113,14316,10592,7669,5427,3754,2532,1665,1062,659,395,233,266,86895099
"Ethiopia",2014,0,3446579,3314588,3213954,3127400,3050099,2979736,2909946,2842859,2769188,2691909,2616977,2540418,2464466,2392760,2323818,2255186,2179258,2098360,2014086,1938258,1869690,1809286,1743306,1699908,1642399,1588582,1541964,1495707,1396930,1288801,1332258,1304941,1248513,1187096,1126670,1068776,1016991,971624,926791,888016,854877,823237,792561,758658,726636,697072,670152,645048,618574,594721,571393,548740,527016,504003,483133,462499,442097,422393,401700,382710,363883,345219,327051,307952,290310,272892,255624,238659,220839,204113,187644,171883,157277,143008,129968,117292,104957,93128,81438,70708,60577,51198,42778,35083,28442,22650,17681,13504,9992,7244,5118,3536,2394,1572,1013,635,385,227,126,71,73,96633458
"Greece",2014,0,95158,96627,98049,99368,100546,101557,102382,103002,103387,103532,103467,103213,102769,102154,101384,101158,102100,102185,102048,103713,104443,106101,108042,110485,112933,114922,118684,123532,129566,136195,142715,148802,154707,160329,163395,164428,165144,166895,168623,169407,168760,168146,168188,168626,169286,169777,169674,167720,163640,158674,153983,151864,150592,151415,151522,148610,145521,143144,141280,137920,133333,131548,130351,128344,124618,121434,121278,122103,119331,110483,98471,93107,92162,95842,99119,97031,93862,90977,89735,85654,79315,74155,68676,64944,59855,52983,46863,41029,35340,28773,22233,17742,14377,11585,8998,6565,4962,3731,2855,2138,4166,10775557
"Iceland",2014,0,4588,4596,4552,4701,4925,4828,4619,4451,4370,4306,4278,4172,4153,4284,4356,4327,4403,4487,4561,4600,4822,4908,4844,4933,4908,4717,4648,4525,4449,4541,4601,4603,4541,4717,4797,4611,4275,4207,4276,4242,4353,4534,4369,4022,3992,4072,4105,4261,4377,4387,4444,4386,4251,4264,4371,4260,4171,4136,3948,3785,3753,3622,3464,3380,3244,3111,3003,2816,2669,2527,2367,2233,2008,1780,1664,1583,1541,1508,1452,1397,1320,1278,1243,1218,1114,964,866,773,672,574,500,436,371,309,232,181,141,104,77,55,112,327872
"India",2014,0,23787614,23563771,23490932,23465234,23442712,23413611,23378237,23333242,23355940,23439789,23493078,23510238,23496095,23467402,23427201,23358907,23266418,23141257,22946946,22684723,22392196,22069867,21717585,21364593,21096812,20919397,20725139,20512307,20283472,20044644,19798936,19547456,19290862,19029611,18763998,18495525,18225166,17952993,17680442,17408569,17137743,16867617,16603386,16205476,15679532,15169090,14669263,14179965,13700725,13230956,12769693,12315840,11868750,11427626,10991499,10559473,10130780,9705132,9282994,8865273,8452572,8045076,7642262,7252845,6864372,6510552,6158325,5811141,5468111,5128226,4791212,4457190,4126619,3800400,3479799,3166209,2860999,2565524,2281052,2008714,1748026,1501244,1272479,1063280,874928,708141,563058,439257,335781,251207,183687,131087,91177,61728,40625,25959,16089,9667,5626,3171,3484,1236344631
"Indonesia",2014,0,4247756,4265250,4292762,4322568,4357580,4395864,4430816,4462418,4489653,4513645,4538641,4541492,4548631,4547423,4548589,4560099,4548475,4532331,4480787,4394797,4289885,4212182,4164042,4109505,4067161,4039775,4010645,3976040,3976288,4006819,4025438,4036709,4038104,4042920,3949406,3984752,4030557,4032687,4014964,4035033,3969013,3871363,3741261,3584802,3415155,3255575,3118879,3024180,2944795,2862583,2775779,2703018,2642749,2585367,2529353,2467054,2392000,2307960,2206327,2117139,2021342,1891306,1726011,1547862,1361360,1206733,1115791,1098240,1117609,1139551,1133739,1099606,1027578,936531,851068,777232,703031,633185,566846,499577,435322,380423,334401,292918,255812,217904,177243,135942,99357,69382,48051,34434,26600,21215,16796,12508,8598,5307,2993,1578,1820,253609643
"Iran",2014,0,1425094,1399603,1376060,1351166,1327176,1303917,1283456,1260258,1241147,1232732,1223341,1206424,1190173,1185960,1178376,1176627,1209990,1256422,1327481,1449349,1555637,1647810,1756361,1841158,1877730,1849410,1837196,1882484,1791245,1766431,1725537,1680271,1633521,1583872,1528272,1466389,1397593,1322161,1244221,1172012,1114484,1076685,1052915,1035918,1015781,987689,946579,896635,844677,798683,761126,735025,716761,700658,681492,658513,629768,596854,564087,532477,499093,463802,427752,392103,358639,328651,302952,280924,260419,241465,225988,214260,205244,197179,189213,181674,174247,166550,159096,150726,139706,125897,110729,95344,81323,69516,60072,51985,44733,37403,29689,21906,15061,9678,5975,3681,2408,1669,1172,794,1125,80840713
"Iraq",2014,0,1105001,1078610,1058428,1037915,1021586,1002356,994488,987487,973322,961032,935697,910787,879449,843398,815094,789509,763435,737076,710837,684904,660616,637267,611502,609952,606841,593873,570919,612628,586003,562309,542872,524211,509944,498497,485163,466825,443859,424755,409718,396529,385504,373878,368938,367789,353202,336881,316467,298654,284686,260041,239511,216599,192633,172938,152458,147765,148609,154731,160981,163519,155549,141995,128791,119005,114163,104220,94842,86795,79804,77965,71847,66497,61985,58060,56198,50854,44819,39036,34574,32686,30040,27660,26021,24488,22504,19213,15574,12561,10153,7997,5946,4175,2857,1951,1316,881,566,373,243,144,167,35974993
"Israel",2014,0,157015,162834,163575,161547,159232,154898,150527,146505,142997,141483,142275,140202,136480,135260,133905,131806,129202,126005,123328,121614,121037,120487,119005,117589,117051,115638,114731,114115,114268,113948,113723,111226,107400,106560,106771,107234,107515,107219,106205,104530,102360,100165,97777,95297,92621,90034,87426,84869,82517,80306,78511,76771,75135,73724,72443,71638,70860,70050,69378,68775,68354,67919,67190,65755,63318,60368,57332,54289,50864,47036,43119,39042,35349,32715,31506,31334,31409,31159,30497,29228,27336,25382,23568,21832,20132,18472,16774,15013,13221,11371,9598,7975,6497,5153,3936,2943,2125,1498,1051,721,1159,7921139
"Italy",2014,0,546506,552778,559125,565350,571251,578726,578448,572421,568128,570276,568383,561265,561064,567996,573773,573264,578191,582794,582716,589717,607260,631241,642917,637016,649276,657259,666188,664578,684436,709269,727265,747851,767521,782277,798696,835630,872267,902756,945818,985097,1010128,1018908,1007088,1011840,1001485,1010766,1007388,1011759,1023489,1021763,998197,951179,923951,896663,871398,841625,812561,799101,788256,768040,743610,723399,717418,722964,728616,744677,748048,726261,663801,575515,593595,581879,585451,609873,616180,591890,552015,503839,485245,468350,436851,405904,384245,366638,336528,296868,270690,244685,217349,190077,166090,142491,119873,96721,70410,34581,26146,23262,21719,18232,35761,61680122
"Japan",2014,0,1034226,1055082,1075811,1094772,1112145,1129438,1136403,1130686,1103881,1098751,1131352,1154565,1174400,1190591,1192434,1230918,1236913,1239613,1252620,1266296,1215849,1204572,1226290,1221441,1225908,1260071,1311218,1355883,1391948,1451739,1489676,1497634,1501408,1534570,1583949,1590781,1647987,1692677,1757878,1838353,1941181,1954191,1912338,1862641,1808757,1791050,1757377,1655996,1456593,1674383,1598740,1555463,1509723,1501212,1517881,1539309,1497445,1481643,1555418,1595590,1623192,1718427,1809599,1922792,2071410,2207947,2159806,1879069,1325405,1464923,1659527,1620440,1629826,1545026,1377381,1226174,1279981,1281764,1238822,1152172,1080362,1038766,978284,899843,818025,750941,681259,612881,541944,459510,378917,317943,262909,216511,176918,123378,100543,77897,59171,42564,83479,127103388
"Kosovo",2014,0,31462,31420,31600,31788,31904,32029,32173,31959,33084,33583,31108,31494,33948,35079,36055,35011,31240,33183,33743,32133,31114,30386,33592,37958,37833,37665,38354,36711,34748,34235,31856,30980,29055,29550,27629,26161,25610,24806,24090,23314,22891,22892,22607,22360,22211,22216,22343,21888,21352,20831,20416,20255,19464,18456,17430,16494,16006,15101,14177,13422,12763,12397,11579,10860,10206,9645,9234,8733,8297,7865,7596,7347,7023,6767,6371,6087,5775,5346,4880,4393,3980,3594,3118,2684,2273,1896,1567,1197,887,668,506,386,272,196,128,88,56,35,20,13,20,1859203
"Mexico",2014,0,2260074,2253508,2243154,2238257,2240822,2240284,2238504,2237836,2238442,2240712,2241655,2239010,2236861,2232569,2230310,2227103,2220573,2212445,2198987,2186512,2177344,2158114,2137074,2120051,2103241,2081042,2055252,2022152,1988314,1949609,1896542,1852194,1810347,1770734,1756286,1731298,1719948,1712246,1711459,1702520,1682384,1648424,1601176,1546648,1499103,1457904,1418088,1380295,1348099,1309762,1267720,1227973,1187313,1143575,1107425,1070454,1026181,970070,911073,850229,793861,743578,702565,669800,640055,609864,581384,552241,524511,499193,475794,452119,427833,403805,378773,353428,328119,302282,277161,252688,229248,206698,185167,164415,144730,125637,106669,88637,72035,57402,44980,34667,26337,19663,14355,10194,7011,4706,3081,1953,2735,120286655
"Nigeria",2014,0,6339239,6012838,5780221,5594382,5427373,5277475,5142828,5017004,4897086,4804313,4736572,4621664,4453393,4284164,4116489,3946042,3793764,3668960,3554934,3447940,3345731,3248744,3157217,3070442,2984876,2897369,2809160,2722073,2638436,2557868,2492307,2441231,2371574,2284401,2199110,2118123,2040154,1955859,1864539,1774534,1687874,1606421,1531741,1463229,1399648,1340781,1283282,1232296,1183743,1135094,1089939,1025236,985425,946214,905799,867154,801739,768869,736247,706996,672876,656693,620392,582708,551258,522267,516999,483054,447868,411467,377292,351074,320114,290032,260733,233084,206957,182671,159836,138504,118295,99832,82658,67371,53982,42508,32948,24893,18395,13293,9383,6473,4351,2850,1813,1121,673,395,224,124,137,177155754
"Norway",2014,0,61962,61719,62023,63310,64742,64742,63462,62798,62070,61343,61173,60318,60488,62367,63787,63816,64468,66121,66648,66621,66946,68301,70095,71766,72112,71523,70423,69419,68917,68406,68098,68366,68490,67958,67706,67280,66035,66098,68018,70467,72395,73857,74926,74645,75320,76177,74702,73551,72939,71825,69978,67615,66298,65274,65003,64632,63629,63077,62632,61098,60004,59018,57002,55929,56207,56427,57079,58268,55622,50953,46491,41368,36527,34012,33413,31469,29364,27344,25540,24028,22903,22341,21660,20329,18871,17090,15589,14196,12806,11390,10053,8384,6782,5686,4055,2982,2221,1571,1040,699,1104,5147792
"Poland",2014,0,380799,384001,386168,399555,413881,413898,398235,372993,361143,356892,350269,349030,357471,369376,375834,383741,398094,413109,421847,446424,474599,489838,515242,529537,536098,533901,539710,586546,626210,657592,676601,678203,655334,643423,646909,635929,623371,619292,614964,592999,574242,559208,534748,509890,484887,465777,460628,456307,462038,472964,484555,491813,500384,524216,554219,577808,596416,595476,591232,580634,563707,554501,537582,518929,492753,464436,439399,397699,329618,267235,252031,243263,241435,249133,253134,246837,237203,231129,223964,208051,191772,183140,174219,161436,147660,127481,110832,92267,81627,70312,55225,44897,33605,25122,17984,11670,7007,5125,4000,3225,6740,38593885
"South Africa",2014,0,1068612,1060826,1066860,1075552,1067530,1049890,1029689,1007025,988473,977363,965961,954884,945506,938225,934602,938519,944305,942883,946588,966124,994665,1032888,1064387,1096849,1120873,1131686,1131679,1130295,1117449,1076552,1018559,965714,915797,874199,837800,798682,761538,726905,695946,669120,644160,619067,594451,571150,549831,532239,516950,504355,491563,477416,463994,451762,440931,430260,419617,409073,397031,383350,367885,351376,334940,317987,302098,287345,271763,256374,240652,225215,211594,198895,186053,173556,162032,151521,141100,130215,118379,105730,93052,80864,69534,59191,50137,42126,35056,28593,22759,17630,13304,9798,7055,4970,3447,2349,1564,1008,628,378,220,130,154,53006857
"Sudan",2014,0,1022249,1007289,999772,995382,986385,982805,989758,971989,961668,956774,951846,943761,929135,907790,880953,847926,813587,779006,747425,721566,698708,676419,653467,631707,611736,592162,573793,555928,537294,517820,497180,476645,457355,439833,425084,411994,399492,387314,376714,368197,360620,353732,346316,337566,327233,315174,303091,290920,277349,262511,246354,229444,213065,198715,187540,178401,170223,161812,153117,143959,134192,124516,115560,107557,100922,95147,89895,84764,79769,74877,69978,65083,60473,56497,53332,50573,47811,44683,41026,36867,32135,30572,26752,23076,19669,16469,13551,10939,8647,6725,5097,3773,2726,1911,1314,877,567,356,216,129,160,35482233
"Turkey",2014,0,1295373,1306817,1320724,1330456,1341178,1348212,1356798,1367072,1372676,1375926,1373375,1367788,1361425,1351831,1339901,1329078,1319299,1307517,1293891,1278801,1262933,1258023,1263732,1268965,1273369,1276020,1277495,1278002,1293177,1320829,1343877,1362624,1377760,1373237,1325768,1264546,1223518,1196074,1176916,1159712,1139535,1115209,1087079,1056796,1027786,998359,972218,950038,931383,916531,901657,881478,853701,820780,784873,749722,717359,689812,665627,641604,615101,586380,554897,522059,489585,458393,427936,398706,371086,344277,319054,297165,279097,263880,249553,235130,220993,206821,192466,177770,162219,145699,128761,111978,96185,81082,66230,52004,39304,28709,20398,14131,9660,6556,4342,2815,1838,1228,833,561,823,78401967
"Ukraine",2014,0,489966,505286,504579,492160,496896,503435,483251,458335,435417,419034,410469,391676,374973,367978,378598,391507,420777,441625,473783,493071,508675,541490,587049,627809,656158,684285,731222,748789,781413,756228,781505,772366,693977,692059,704983,665022,660060,646127,679998,655327,645149,633461,645465,624478,607259,573028,589523,582802,594467,592339,632858,669530,676558,697671,714154,672557,664608,633051,619887,583326,593574,539011,564613,554292,545635,550743,429020,387149,356389,218336,277253,258369,339913,436535,416187,425087,431165,425949,302983,222178,153765,128756,169373,165814,184919,141975,138172,111644,88176,68169,51272,36110,24689,15795,10517,7690,4937,2802,1848,1543,1993,44943869
"United Arab Emirates",2014,0,88249,90536,91364,90964,89461,87056,84133,80851,77317,73585,69914,66064,62461,59490,56306,54050,53846,55744,59508,65566,73193,82308,93653,107653,123799,140424,156340,169878,178931,182702,181415,176901,170876,164374,157939,151707,145628,139538,133274,126787,119973,112850,105499,98095,90740,83470,76348,69451,62863,56646,50926,45723,41018,36762,32855,29288,26006,23023,20329,17942,15733,13698,11786,10043,8494,7182,6119,5272,4572,3986,3504,3103,2754,2467,2205,1980,1764,1569,1389,1223,1082,939,817,712,606,505,411,320,246,178,130,104,81,67,53,38,27,17,15,11,11,5628805
"United States",2014,0,3948350,3962123,3957772,4005190,4003448,4004858,4134352,4154000,4119524,4106832,4115254,4085636,4068790,4169346,4232480,4163723,4167234,4184706,4225590,4326394,4418887,4489746,4612322,4698584,4692635,4509594,4406472,4332545,4351851,4387476,4250780,4318706,4320072,4276113,4362895,4094039,4014413,3974190,3859181,3979827,3856888,3917413,4095929,4332491,4388762,4161450,4076237,4082150,4158996,4409209,4491431,4488666,4480175,4535748,4574789,4421625,4395471,4347179,4191757,4155417,3985367,3834428,3685822,3572379,3488136,3384449,3347776,3485502,2572527,2535012,2466485,2519748,2194234,2002191,1890366,1774697,1694648,1557239,1481505,1414235,1264072,1216009,1153634,1090465,1036186,924969,855696,770685,675487,599834,512845,426946,354532,286333,218655,157124,121184,83731,60185,41828,72197,318857056
"Uzbekistan",2014,0,483305,479956,476222,472127,467738,467572,470819,472446,472960,473016,476206,490104,506433,501477,498191,508252,533674,569997,597509,598681,603022,630811,648664,639303,613400,604073,617599,618033,603256,572760,537124,508484,489392,469095,453658,437448,414977,411180,406017,389416,378867,371478,361802,350202,327572,323023,317041,309828,314710,313211,311870,311128,307846,310427,293119,273596,256264,233264,214072,194779,176803,170008,160752,150157,133010,108896,99928,89170,64779,45884,41639,56503,70142,79004,80460,76260,70261,64687,55585,44822,40610,42611,36475,36620,33892,30052,26364,20502,16387,13446,9903,7196,5009,4170,2960,1850,1380,934,690,517,902,28929716
"Vietnam",2014,0,1500157,1503375,1505834,1505974,1514210,1530907,1545250,1547358,1537482,1555825,1526200,1502843,1511483,1484430,1475930,1464240,1487889,1545219,1598811,1654430,1708106,1752143,1782152,1804121,1824626,1823125,1817135,1683672,1743899,1818873,1842071,1773538,1571588,1511741,1520831,1473829,1419131,1420922,1443582,1342972,1330647,1346350,1280661,1281395,1237436,1223666,1122556,1136912,1150992,1193904,1149664,1120855,929885,1100127,1032922,947217,906664,797137,747320,757237,623469,620679,476238,541347,495495,413565,384519,312817,305440,288698,248727,266936,243602,290905,265729,222346,237404,211797,196526,180111,170742,160448,131161,147682,123043,95581,84174,65536,59050,46558,35058,29372,20731,19305,13123,8064,5549,3773,2656,1751,2677,93421835
